Time,Read/s,Write/s,util%
2023-05-01 15:59:47,0.00 , 0.00 , 96.40
2023-05-01 15:59:49,0.00 , 0.00 , 100.00
2023-05-01 15:59:51,0.00 , 0.00 , 99.60
2023-05-01 15:59:53,0.00 , 0.00 , 100.00
2023-05-01 15:59:55,0.00 , 0.00 , 46.80
2023-05-01 15:59:57,0.00 , 0.00 , 100.00
2023-05-01 15:59:59,0.00 , 0.00 , 100.00
2023-05-01 16:00:01,0.00 , 0.00 , 100.00
2023-05-01 16:00:03,0.00 , 0.00 , 99.60
2023-05-01 16:00:05,0.00 , 0.00 , 100.00
2023-05-01 16:00:07,0.00 , 0.00 , 100.00
2023-05-01 16:00:09,1.00 , 4.00 , 100.00
2023-05-01 16:00:11,0.00 , 0.00 , 100.00
2023-05-01 16:00:13,0.00 , 0.00 , 100.00
2023-05-01 16:00:15,0.00 , 0.00 , 98.40
2023-05-01 16:00:17,0.00 , 0.00 , 100.00
2023-05-01 16:00:19,0.00 , 0.00 , 100.00
2023-05-01 16:00:21,0.00 , 0.00 , 100.00
2023-05-01 16:00:23,0.00 , 0.00 , 100.00
2023-05-01 16:00:25,0.00 , 0.00 , 100.00
2023-05-01 16:00:27,0.00 , 0.00 , 100.00
2023-05-01 16:00:29,0.00 , 0.00 , 3.60
2023-05-01 16:00:31,0.00 , 0.00 , 100.00
2023-05-01 16:00:33,0.00 , 0.00 , 100.00
2023-05-01 16:00:35,0.00 , 0.00 , 100.00
2023-05-01 16:00:37,0.00 , 0.00 , 100.40
2023-05-01 16:00:39,0.00 , 0.00 , 100.00
2023-05-01 16:00:41,0.00 , 0.00 , 100.00
2023-05-01 16:00:43,0.00 , 0.00 , 100.00
2023-05-01 16:00:45,0.00 , 0.00 , 100.00
2023-05-01 16:00:47,0.00 , 0.00 , 100.00
2023-05-01 16:00:49,0.00 , 0.00 , 100.00
2023-05-01 16:00:51,0.00 , 0.00 , 100.00
2023-05-01 16:00:53,0.00 , 0.00 , 100.00
2023-05-01 16:00:55,0.00 , 0.00 , 100.00
2023-05-01 16:00:57,0.00 , 0.00 , 100.00
2023-05-01 16:00:59,0.00 , 0.00 , 100.00
2023-05-01 16:01:01,0.00 , 0.00 , 100.00
2023-05-01 16:01:03,0.00 , 0.00 , 100.00
2023-05-01 16:01:05,0.00 , 0.00 , 100.00
2023-05-01 16:01:07,0.00 , 0.00 , 100.00
2023-05-01 16:01:09,0.00 , 0.00 , 100.00
2023-05-01 16:01:11,0.00 , 0.00 , 100.40
2023-05-01 16:01:13,0.00 , 0.00 , 97.20
2023-05-01 16:01:15,0.00 , 0.00 , 99.60
2023-05-01 16:01:17,0.00 , 0.00 , 100.00
2023-05-01 16:01:19,0.00 , 0.00 , 100.00
2023-05-01 16:01:21,0.00 , 0.00 , 100.00
2023-05-01 16:01:23,0.00 , 0.00 , 100.00
2023-05-01 16:01:25,0.00 , 0.00 , 100.00
2023-05-01 16:01:27,0.00 , 0.00 , 100.00
2023-05-01 16:01:29,0.00 , 0.00 , 100.00
2023-05-01 16:01:31,0.00 , 0.00 , 100.00
2023-05-01 16:01:33,0.00 , 0.00 , 100.00
2023-05-01 16:01:35,0.00 , 0.00 , 100.00
2023-05-01 16:01:37,0.00 , 0.00 , 97.60
2023-05-01 16:01:39,0.00 , 0.00 , 100.00
2023-05-01 16:01:41,0.00 , 0.00 , 100.00
2023-05-01 16:01:43,0.00 , 0.00 , 99.01
2023-05-01 16:01:45,0.00 , 0.00 , 100.00
2023-05-01 16:01:47,0.00 , 0.00 , 47.60
2023-05-01 16:01:49,0.00 , 0.00 , 70.80
2023-05-01 16:01:51,0.00 , 0.00 , 100.00
2023-05-01 16:01:53,0.00 , 0.00 , 100.00
2023-05-01 16:01:55,0.00 , 0.00 , 99.60
2023-05-01 16:01:57,0.00 , 0.00 , 100.40
2023-05-01 16:01:59,0.00 , 0.00 , 100.00
2023-05-01 16:02:01,0.00 , 0.00 , 100.00
2023-05-01 16:02:03,0.00 , 0.00 , 100.00
2023-05-01 16:02:05,0.00 , 0.00 , 100.00
2023-05-01 16:02:07,0.00 , 0.00 , 100.00
2023-05-01 16:02:09,0.00 , 0.00 , 100.00
2023-05-01 16:02:11,0.00 , 0.00 , 100.00
2023-05-01 16:02:13,0.00 , 0.00 , 100.00
2023-05-01 16:02:16,0.00 , 0.00 , 100.00
2023-05-01 16:02:18,0.00 , 0.00 , 98.80
2023-05-01 16:02:20,0.00 , 0.00 , 100.00
2023-05-01 16:02:22,0.00 , 0.00 , 100.40
2023-05-01 16:02:24,0.00 , 0.00 , 100.00
2023-05-01 16:02:26,0.00 , 0.00 , 100.40
2023-05-01 16:02:28,0.00 , 0.00 , 100.00
2023-05-01 16:02:30,0.00 , 0.00 , 99.60
2023-05-01 16:02:32,0.00 , 0.00 , 100.00
2023-05-01 16:02:34,0.00 , 0.00 , 100.00
2023-05-01 16:02:36,0.00 , 0.00 , 99.60
2023-05-01 16:02:38,0.00 , 0.00 , 100.40
2023-05-01 16:02:40,0.00 , 0.00 , 100.00
2023-05-01 16:02:42,0.00 , 0.00 , 100.00
2023-05-01 16:02:44,0.00 , 0.00 , 100.00
2023-05-01 16:02:46,0.00 , 0.00 , 100.00
2023-05-01 16:02:48,0.00 , 0.00 , 100.40
2023-05-01 16:02:50,0.00 , 0.00 , 100.00
2023-05-01 16:02:52,0.00 , 0.00 , 100.00
2023-05-01 16:02:54,0.00 , 0.00 , 100.00
2023-05-01 16:02:56,0.00 , 0.00 , 100.00
2023-05-01 16:02:58,0.00 , 0.00 , 100.00
2023-05-01 16:03:00,0.00 , 0.00 , 100.00
2023-05-01 16:03:02,0.00 , 0.00 , 100.00
2023-05-01 16:03:04,0.00 , 0.00 , 100.00
2023-05-01 16:03:06,0.00 , 0.00 , 100.00
2023-05-01 16:03:08,0.00 , 0.00 , 100.00
2023-05-01 16:03:10,0.00 , 0.00 , 100.00
2023-05-01 16:03:12,0.00 , 0.00 , 99.60
2023-05-01 16:03:14,0.00 , 0.00 , 100.00
2023-05-01 16:03:16,0.00 , 0.00 , 100.00
2023-05-01 16:03:18,0.00 , 0.00 , 100.00
2023-05-01 16:03:20,0.00 , 0.00 , 100.00
2023-05-01 16:03:22,0.00 , 0.00 , 100.40
2023-05-01 16:03:24,0.00 , 0.00 , 100.00
2023-05-01 16:03:26,0.00 , 0.00 , 100.00
2023-05-01 16:03:28,0.00 , 0.00 , 100.40
2023-05-01 16:03:30,0.00 , 0.00 , 100.00
2023-05-01 16:03:32,0.00 , 0.00 , 99.60
2023-05-01 16:03:34,0.00 , 0.00 , 100.40
2023-05-01 16:03:36,0.00 , 0.00 , 100.40
2023-05-01 16:03:38,0.00 , 0.00 , 99.60
2023-05-01 16:03:40,0.00 , 0.00 , 99.60
2023-05-01 16:03:42,0.00 , 0.00 , 100.00
2023-05-01 16:03:44,0.00 , 0.00 , 100.00
2023-05-01 16:03:46,0.00 , 0.00 , 100.00
2023-05-01 16:03:48,0.00 , 0.00 , 100.00
2023-05-01 16:03:50,0.00 , 0.00 , 100.40
2023-05-01 16:03:52,0.00 , 0.00 , 100.00
2023-05-01 16:03:54,0.00 , 0.00 , 100.00
2023-05-01 16:03:56,0.00 , 0.00 , 100.00
2023-05-01 16:03:58,0.00 , 0.00 , 100.00
2023-05-01 16:04:00,0.00 , 0.00 , 100.00
2023-05-01 16:04:02,0.00 , 0.00 , 100.00
2023-05-01 16:04:04,0.00 , 0.00 , 100.00
2023-05-01 16:04:06,0.00 , 0.00 , 100.00
2023-05-01 16:04:08,0.00 , 0.00 , 100.00
2023-05-01 16:04:10,0.00 , 0.00 , 100.00
2023-05-01 16:04:12,0.00 , 0.00 , 100.00
2023-05-01 16:04:14,0.00 , 0.00 , 100.00
2023-05-01 16:04:16,0.00 , 0.00 , 98.00
2023-05-01 16:04:18,0.00 , 0.00 , 100.00
2023-05-01 16:04:20,0.00 , 0.00 , 100.40
2023-05-01 16:04:22,0.00 , 0.00 , 100.40
2023-05-01 16:04:24,0.00 , 0.00 , 100.00
2023-05-01 16:04:26,0.00 , 0.00 , 99.60
2023-05-01 16:04:28,0.00 , 0.00 , 100.00
2023-05-01 16:04:30,0.00 , 0.00 , 100.00
2023-05-01 16:04:32,0.00 , 0.00 , 100.40
2023-05-01 16:04:34,0.00 , 0.00 , 99.60
2023-05-01 16:04:36,0.00 , 0.00 , 100.00
2023-05-01 16:04:38,0.00 , 0.00 , 100.40
2023-05-01 16:04:40,0.00 , 0.00 , 100.00
2023-05-01 16:04:42,0.00 , 0.00 , 100.00
2023-05-01 16:04:44,0.00 , 0.00 , 100.00
2023-05-01 16:04:47,0.00 , 0.00 , 100.00
2023-05-01 16:04:49,0.00 , 0.00 , 100.00
2023-05-01 16:04:51,0.00 , 0.00 , 100.00
2023-05-01 16:04:53,0.00 , 0.00 , 100.00
2023-05-01 16:04:55,0.00 , 0.00 , 100.00
2023-05-01 16:04:57,0.00 , 0.00 , 100.00
2023-05-01 16:04:59,0.00 , 0.00 , 100.00
2023-05-01 16:05:01,0.00 , 0.00 , 100.40
2023-05-01 16:05:03,0.00 , 0.00 , 100.40
2023-05-01 16:05:05,0.00 , 0.00 , 100.00
2023-05-01 16:05:07,0.00 , 0.00 , 100.00
2023-05-01 16:05:09,0.00 , 0.00 , 100.00
2023-05-01 16:05:11,0.00 , 0.00 , 99.60
2023-05-01 16:05:13,0.00 , 0.00 , 100.00
2023-05-01 16:05:15,0.00 , 0.00 , 0.00
2023-05-01 16:05:17,0.00 , 0.00 , 38.80
2023-05-01 16:05:19,0.00 , 0.00 , 88.80
2023-05-01 16:05:21,0.00 , 0.00 , 84.40
2023-05-01 16:05:23,0.00 , 0.00 , 84.00
2023-05-01 16:05:25,0.00 , 0.00 , 66.00
2023-05-01 16:05:27,0.00 , 0.00 , 84.00
2023-05-01 16:05:29,0.00 , 0.00 , 87.60
2023-05-01 16:05:31,0.00 , 0.00 , 86.00
2023-05-01 16:05:33,0.00 , 0.00 , 81.60
2023-05-01 16:05:35,0.00 , 0.00 , 64.00
2023-05-01 16:05:37,0.00 , 0.00 , 66.00
2023-05-01 16:05:39,0.00 , 0.00 , 62.40
2023-05-01 16:05:41,0.00 , 0.00 , 67.20
2023-05-01 16:05:43,0.00 , 0.00 , 91.20
2023-05-01 16:05:45,0.00 , 0.00 , 86.40
2023-05-01 16:05:47,0.00 , 0.00 , 85.60
2023-05-01 16:05:49,0.00 , 0.00 , 83.20
2023-05-01 16:05:51,0.00 , 0.00 , 87.20
2023-05-01 16:05:53,0.00 , 0.00 , 83.60
2023-05-01 16:05:55,0.00 , 0.00 , 90.40
2023-05-01 16:05:57,0.00 , 0.00 , 71.60
2023-05-01 16:05:59,0.00 , 0.00 , 68.80
2023-05-01 16:06:01,0.00 , 0.00 , 69.20
2023-05-01 16:06:03,0.00 , 0.00 , 70.00
2023-05-01 16:06:05,0.00 , 0.00 , 69.20
2023-05-01 16:06:07,0.00 , 0.00 , 69.20
2023-05-01 16:06:09,0.00 , 0.00 , 74.40
2023-05-01 16:06:11,0.00 , 0.00 , 76.00
2023-05-01 16:06:13,0.00 , 0.00 , 76.40
2023-05-01 16:06:15,0.00 , 0.00 , 73.60
2023-05-01 16:06:17,0.00 , 0.00 , 85.20
2023-05-01 16:06:19,0.00 , 0.00 , 84.00
2023-05-01 16:06:21,0.00 , 0.00 , 83.60
2023-05-01 16:06:23,0.00 , 0.00 , 84.80
2023-05-01 16:06:25,0.00 , 0.00 , 81.60
2023-05-01 16:06:27,0.00 , 0.00 , 83.60
2023-05-01 16:06:29,0.00 , 0.00 , 82.00
2023-05-01 16:06:31,0.00 , 0.00 , 90.00
2023-05-01 16:06:33,0.00 , 0.00 , 86.80
2023-05-01 16:06:35,0.00 , 0.00 , 84.80
2023-05-01 16:06:37,0.00 , 0.00 , 87.20
2023-05-01 16:06:39,0.00 , 0.00 , 85.60
2023-05-01 16:06:41,0.00 , 0.00 , 82.40
2023-05-01 16:06:43,0.00 , 0.00 , 94.00
2023-05-01 16:06:45,0.00 , 0.00 , 88.00
2023-05-01 16:06:47,0.00 , 0.00 , 86.40
2023-05-01 16:06:49,0.00 , 0.00 , 91.20
2023-05-01 16:06:51,0.00 , 0.00 , 85.20
2023-05-01 16:06:53,0.00 , 0.00 , 96.00
2023-05-01 16:06:55,0.00 , 0.00 , 87.60
2023-05-01 16:06:57,0.00 , 0.00 , 86.40
2023-05-01 16:06:59,0.00 , 0.00 , 92.80
2023-05-01 16:07:01,0.00 , 0.00 , 90.40
2023-05-01 16:07:03,0.00 , 0.00 , 90.80
2023-05-01 16:07:05,0.00 , 0.00 , 88.80
2023-05-01 16:07:07,0.00 , 0.00 , 92.80
2023-05-01 16:07:09,0.00 , 0.00 , 95.20
2023-05-01 16:07:11,0.00 , 0.00 , 87.60
2023-05-01 16:07:13,0.00 , 0.00 , 70.80
2023-05-01 16:07:15,0.00 , 0.00 , 71.20
