Time,Read/s,Write/s,util%,cpu%
2023-05-01 15:59:47,0.00 , 0.00 , 96.40,9.76
2023-05-01 15:59:49,0.00 , 0.00 , 100.00,6.55
2023-05-01 15:59:51,0.00 , 0.00 , 99.60,5.51
2023-05-01 15:59:53,0.00 , 0.00 , 100.00,5.06
2023-05-01 15:59:55,0.00 , 0.00 , 46.80,5.16
2023-05-01 15:59:57,0.00 , 0.00 , 100.00,5.08
2023-05-01 15:59:59,0.00 , 0.00 , 100.00,5.26
2023-05-01 16:00:01,0.00 , 0.00 , 100.00,5.4
2023-05-01 16:00:03,0.00 , 0.00 , 99.60,5.26
2023-05-01 16:00:05,0.00 , 0.00 , 100.00,4.76
2023-05-01 16:00:07,0.00 , 0.00 , 100.00,67.2
2023-05-01 16:00:09,1.00 , 4.00 , 100.00,6.27
2023-05-01 16:00:11,0.00 , 0.00 , 100.00,6.13
2023-05-01 16:00:13,0.00 , 0.00 , 100.00,4.72
2023-05-01 16:00:15,0.00 , 0.00 , 98.40,3.8
2023-05-01 16:00:17,0.00 , 0.00 , 100.00,5.2
2023-05-01 16:00:19,0.00 , 0.00 , 100.00,5.29
2023-05-01 16:00:21,0.00 , 0.00 , 100.00,5.2
2023-05-01 16:00:23,0.00 , 0.00 , 100.00,5.12
2023-05-01 16:00:25,0.00 , 0.00 , 100.00,4.28
2023-05-01 16:00:27,0.00 , 0.00 , 100.00,4.28
2023-05-01 16:00:29,0.00 , 0.00 , 3.60,6.86
2023-05-01 16:00:31,0.00 , 0.00 , 100.00,6.37
2023-05-01 16:00:33,0.00 , 0.00 , 100.00,6.52
2023-05-01 16:00:35,0.00 , 0.00 , 100.00,6.64
2023-05-01 16:00:37,0.00 , 0.00 , 100.40,5.6
2023-05-01 16:00:39,0.00 , 0.00 , 100.00,6.66
2023-05-01 16:00:41,0.00 , 0.00 , 100.00,6.26
2023-05-01 16:00:43,0.00 , 0.00 , 100.00,6.41
2023-05-01 16:00:45,0.00 , 0.00 , 100.00,6.63
2023-05-01 16:00:47,0.00 , 0.00 , 100.00,5.71
2023-05-01 16:00:49,0.00 , 0.00 , 100.00,6.26
2023-05-01 16:00:51,0.00 , 0.00 , 100.00,5.8
2023-05-01 16:00:53,0.00 , 0.00 , 100.00,5.48
2023-05-01 16:00:55,0.00 , 0.00 , 100.00,5.56
2023-05-01 16:00:57,0.00 , 0.00 , 100.00,5.55
2023-05-01 16:00:59,0.00 , 0.00 , 100.00,5.95
2023-05-01 16:01:01,0.00 , 0.00 , 100.00,5.7
2023-05-01 16:01:03,0.00 , 0.00 , 100.00,5.71
2023-05-01 16:01:05,0.00 , 0.00 , 100.00,5.84
2023-05-01 16:01:07,0.00 , 0.00 , 100.00,5.51
2023-05-01 16:01:09,0.00 , 0.00 , 100.00,5.61
2023-05-01 16:01:11,0.00 , 0.00 , 100.40,5.92
2023-05-01 16:01:13,0.00 , 0.00 , 97.20,6.11
2023-05-01 16:01:15,0.00 , 0.00 , 99.60,6.62
2023-05-01 16:01:17,0.00 , 0.00 , 100.00,5.12
2023-05-01 16:01:19,0.00 , 0.00 , 100.00,5.92
2023-05-01 16:01:21,0.00 , 0.00 , 100.00,5.31
2023-05-01 16:01:23,0.00 , 0.00 , 100.00,6.41
2023-05-01 16:01:25,0.00 , 0.00 , 100.00,5.86
2023-05-01 16:01:27,0.00 , 0.00 , 100.00,5.25
2023-05-01 16:01:29,0.00 , 0.00 , 100.00,6.8
2023-05-01 16:01:31,0.00 , 0.00 , 100.00,4.96
2023-05-01 16:01:33,0.00 , 0.00 , 100.00,5.49
2023-05-01 16:01:35,0.00 , 0.00 , 100.00,5.25
2023-05-01 16:01:37,0.00 , 0.00 , 97.60,5.61
2023-05-01 16:01:39,0.00 , 0.00 , 100.00,5.4
2023-05-01 16:01:41,0.00 , 0.00 , 100.00,6.14
2023-05-01 16:01:43,0.00 , 0.00 , 99.01,5.4
2023-05-01 16:01:45,0.00 , 0.00 , 100.00,5.58
2023-05-01 16:01:47,0.00 , 0.00 , 47.60,6.79
2023-05-01 16:01:49,0.00 , 0.00 , 70.80,10.09
2023-05-01 16:01:51,0.00 , 0.00 , 100.00,5.56
2023-05-01 16:01:53,0.00 , 0.00 , 100.00,5.52
2023-05-01 16:01:55,0.00 , 0.00 , 99.60,5.89
2023-05-01 16:01:57,0.00 , 0.00 , 100.40,6.48
2023-05-01 16:01:59,0.00 , 0.00 , 100.00,6.13
2023-05-01 16:02:01,0.00 , 0.00 , 100.00,6.17
2023-05-01 16:02:03,0.00 , 0.00 , 100.00,6
2023-05-01 16:02:05,0.00 , 0.00 , 100.00,5.91
2023-05-01 16:02:07,0.00 , 0.00 , 100.00,6.33
2023-05-01 16:02:09,0.00 , 0.00 , 100.00,6.45
2023-05-01 16:02:11,0.00 , 0.00 , 100.00,6.46
2023-05-01 16:02:13,0.00 , 0.00 , 100.00,6.46
2023-05-01 16:02:16,0.00 , 0.00 , 100.00,6.51
2023-05-01 16:02:18,0.00 , 0.00 , 98.80,6.28
2023-05-01 16:02:20,0.00 , 0.00 , 100.00,6.23
2023-05-01 16:02:22,0.00 , 0.00 , 100.40,5.65
2023-05-01 16:02:24,0.00 , 0.00 , 100.00,6.32
2023-05-01 16:02:26,0.00 , 0.00 , 100.40,6.12
2023-05-01 16:02:28,0.00 , 0.00 , 100.00,5.8
2023-05-01 16:02:30,0.00 , 0.00 , 99.60,5.47
2023-05-01 16:02:32,0.00 , 0.00 , 100.00,5.37
2023-05-01 16:02:34,0.00 , 0.00 , 100.00,6.42
2023-05-01 16:02:36,0.00 , 0.00 , 99.60,5.94
2023-05-01 16:02:38,0.00 , 0.00 , 100.40,6.61
2023-05-01 16:02:40,0.00 , 0.00 , 100.00,6.13
2023-05-01 16:02:42,0.00 , 0.00 , 100.00,6.29
2023-05-01 16:02:44,0.00 , 0.00 , 100.00,6.2
2023-05-01 16:02:46,0.00 , 0.00 , 100.00,5.85
2023-05-01 16:02:48,0.00 , 0.00 , 100.40,6.93
2023-05-01 16:02:50,0.00 , 0.00 , 100.00,7.01
2023-05-01 16:02:52,0.00 , 0.00 , 100.00,6.27
2023-05-01 16:02:54,0.00 , 0.00 , 100.00,7.11
2023-05-01 16:02:56,0.00 , 0.00 , 100.00,6.84
2023-05-01 16:02:58,0.00 , 0.00 , 100.00,7.03
2023-05-01 16:03:00,0.00 , 0.00 , 100.00,6.64
2023-05-01 16:03:02,0.00 , 0.00 , 100.00,6.35
2023-05-01 16:03:04,0.00 , 0.00 , 100.00,6.89
2023-05-01 16:03:06,0.00 , 0.00 , 100.00,5.76
2023-05-01 16:03:08,0.00 , 0.00 , 100.00,7.36
2023-05-01 16:03:10,0.00 , 0.00 , 100.00,8.64
2023-05-01 16:03:12,0.00 , 0.00 , 99.60,7.65
2023-05-01 16:03:14,0.00 , 0.00 , 100.00,8.49
2023-05-01 16:03:16,0.00 , 0.00 , 100.00,6.27
2023-05-01 16:03:18,0.00 , 0.00 , 100.00,7.54
2023-05-01 16:03:20,0.00 , 0.00 , 100.00,7.74
2023-05-01 16:03:22,0.00 , 0.00 , 100.40,6.55
2023-05-01 16:03:24,0.00 , 0.00 , 100.00,6.57
2023-05-01 16:03:26,0.00 , 0.00 , 100.00,4.95
2023-05-01 16:03:28,0.00 , 0.00 , 100.40,5.63
2023-05-01 16:03:30,0.00 , 0.00 , 100.00,5.04
2023-05-01 16:03:32,0.00 , 0.00 , 99.60,4.86
2023-05-01 16:03:34,0.00 , 0.00 , 100.40,4.94
2023-05-01 16:03:36,0.00 , 0.00 , 100.40,4.8
2023-05-01 16:03:38,0.00 , 0.00 , 99.60,4.8
2023-05-01 16:03:40,0.00 , 0.00 , 99.60,4.65
2023-05-01 16:03:42,0.00 , 0.00 , 100.00,4.85
2023-05-01 16:03:44,0.00 , 0.00 , 100.00,5.09
2023-05-01 16:03:46,0.00 , 0.00 , 100.00,4.61
2023-05-01 16:03:48,0.00 , 0.00 , 100.00,4.56
2023-05-01 16:03:50,0.00 , 0.00 , 100.40,4.7
2023-05-01 16:03:52,0.00 , 0.00 , 100.00,5.13
2023-05-01 16:03:54,0.00 , 0.00 , 100.00,4.66
2023-05-01 16:03:56,0.00 , 0.00 , 100.00,4.8
2023-05-01 16:03:58,0.00 , 0.00 , 100.00,4.71
2023-05-01 16:04:00,0.00 , 0.00 , 100.00,4.86
2023-05-01 16:04:02,0.00 , 0.00 , 100.00,4.99
2023-05-01 16:04:04,0.00 , 0.00 , 100.00,4.89
2023-05-01 16:04:06,0.00 , 0.00 , 100.00,4.75
2023-05-01 16:04:08,0.00 , 0.00 , 100.00,5.23
2023-05-01 16:04:10,0.00 , 0.00 , 100.00,4.85
2023-05-01 16:04:12,0.00 , 0.00 , 100.00,4.99
2023-05-01 16:04:14,0.00 , 0.00 , 100.00,4.84
2023-05-01 16:04:16,0.00 , 0.00 , 98.00,4.9
2023-05-01 16:04:18,0.00 , 0.00 , 100.00,4.85
2023-05-01 16:04:20,0.00 , 0.00 , 100.40,5.08
2023-05-01 16:04:22,0.00 , 0.00 , 100.40,4.61
2023-05-01 16:04:24,0.00 , 0.00 , 100.00,4.47
2023-05-01 16:04:26,0.00 , 0.00 , 99.60,5.47
2023-05-01 16:04:28,0.00 , 0.00 , 100.00,4.9
2023-05-01 16:04:30,0.00 , 0.00 , 100.00,5
2023-05-01 16:04:32,0.00 , 0.00 , 100.40,5.04
2023-05-01 16:04:34,0.00 , 0.00 , 99.60,4.9
2023-05-01 16:04:36,0.00 , 0.00 , 100.00,4.62
2023-05-01 16:04:38,0.00 , 0.00 , 100.40,4.61
2023-05-01 16:04:40,0.00 , 0.00 , 100.00,4.66
2023-05-01 16:04:42,0.00 , 0.00 , 100.00,4.42
2023-05-01 16:04:44,0.00 , 0.00 , 100.00,4.32
2023-05-01 16:04:47,0.00 , 0.00 , 100.00,4.51
2023-05-01 16:04:49,0.00 , 0.00 , 100.00,4.51
2023-05-01 16:04:51,0.00 , 0.00 , 100.00,4.51
2023-05-01 16:04:53,0.00 , 0.00 , 100.00,4.56
2023-05-01 16:04:55,0.00 , 0.00 , 100.00,4.8
2023-05-01 16:04:57,0.00 , 0.00 , 100.00,4.94
2023-05-01 16:04:59,0.00 , 0.00 , 100.00,5.01
2023-05-01 16:05:01,0.00 , 0.00 , 100.40,6.53
2023-05-01 16:05:03,0.00 , 0.00 , 100.40,4.75
2023-05-01 16:05:05,0.00 , 0.00 , 100.00,4.8
2023-05-01 16:05:07,0.00 , 0.00 , 100.00,5.14
2023-05-01 16:05:09,0.00 , 0.00 , 100.00,4.51
2023-05-01 16:05:11,0.00 , 0.00 , 99.60,4.75
2023-05-01 16:05:13,0.00 , 0.00 , 100.00,4.72
2023-05-01 16:05:15,0.00 , 0.00 , 0.00,5
2023-05-01 16:05:17,0.00 , 0.00 , 38.80,6.58
2023-05-01 16:05:19,0.00 , 0.00 , 88.80,8.13
2023-05-01 16:05:21,0.00 , 0.00 , 84.40,4.95
2023-05-01 16:05:23,0.00 , 0.00 , 84.00,9.44
2023-05-01 16:05:25,0.00 , 0.00 , 66.00,6.82
2023-05-01 16:05:27,0.00 , 0.00 , 84.00,5.78
2023-05-01 16:05:29,0.00 , 0.00 , 87.60,7.2
2023-05-01 16:05:31,0.00 , 0.00 , 86.00,7.21
2023-05-01 16:05:33,0.00 , 0.00 , 81.60,6.75
2023-05-01 16:05:35,0.00 , 0.00 , 64.00,6.52
2023-05-01 16:05:37,0.00 , 0.00 , 66.00,6
2023-05-01 16:05:39,0.00 , 0.00 , 62.40,6.45
2023-05-01 16:05:41,0.00 , 0.00 , 67.20,6.32
2023-05-01 16:05:43,0.00 , 0.00 , 91.20,6.28
2023-05-01 16:05:45,0.00 , 0.00 , 86.40,6.24
2023-05-01 16:05:47,0.00 , 0.00 , 85.60,6.93
2023-05-01 16:05:49,0.00 , 0.00 , 83.20,6.32
2023-05-01 16:05:51,0.00 , 0.00 , 87.20,6.48
2023-05-01 16:05:53,0.00 , 0.00 , 83.60,5.95
2023-05-01 16:05:55,0.00 , 0.00 , 90.40,6.58
2023-05-01 16:05:57,0.00 , 0.00 , 71.60,6.28
2023-05-01 16:05:59,0.00 , 0.00 , 68.80,6.38
2023-05-01 16:06:01,0.00 , 0.00 , 69.20,6.79
2023-05-01 16:06:03,0.00 , 0.00 , 70.00,5.86
2023-05-01 16:06:05,0.00 , 0.00 , 69.20,6.09
2023-05-01 16:06:07,0.00 , 0.00 , 69.20,5.94
2023-05-01 16:06:09,0.00 , 0.00 , 74.40,7.45
2023-05-01 16:06:11,0.00 , 0.00 , 76.00,5.87
2023-05-01 16:06:13,0.00 , 0.00 , 76.40,5.58
2023-05-01 16:06:15,0.00 , 0.00 , 73.60,6.34
2023-05-01 16:06:17,0.00 , 0.00 , 85.20,6.18
2023-05-01 16:06:19,0.00 , 0.00 , 84.00,6.52
2023-05-01 16:06:21,0.00 , 0.00 , 83.60,5.96
2023-05-01 16:06:23,0.00 , 0.00 , 84.80,6.68
2023-05-01 16:06:25,0.00 , 0.00 , 81.60,6.09
2023-05-01 16:06:27,0.00 , 0.00 , 83.60,5.94
2023-05-01 16:06:29,0.00 , 0.00 , 82.00,6.16
2023-05-01 16:06:31,0.00 , 0.00 , 90.00,6.22
2023-05-01 16:06:33,0.00 , 0.00 , 86.80,6.72
2023-05-01 16:06:35,0.00 , 0.00 , 84.80,6.92
2023-05-01 16:06:37,0.00 , 0.00 , 87.20,7.2
2023-05-01 16:06:39,0.00 , 0.00 , 85.60,7.04
2023-05-01 16:06:41,0.00 , 0.00 , 82.40,6.57
2023-05-01 16:06:43,0.00 , 0.00 , 94.00,6.56
2023-05-01 16:06:45,0.00 , 0.00 , 88.00,6.11
2023-05-01 16:06:47,0.00 , 0.00 , 86.40,5.43
2023-05-01 16:06:49,0.00 , 0.00 , 91.20,6.59
2023-05-01 16:06:51,0.00 , 0.00 , 85.20,6.27
2023-05-01 16:06:53,0.00 , 0.00 , 96.00,5.96
2023-05-01 16:06:55,0.00 , 0.00 , 87.60,5.9
2023-05-01 16:06:57,0.00 , 0.00 , 86.40,6.38
2023-05-01 16:06:59,0.00 , 0.00 , 92.80,6.88
2023-05-01 16:07:01,0.00 , 0.00 , 90.40,8.6
2023-05-01 16:07:03,0.00 , 0.00 , 90.80,6.61
2023-05-01 16:07:05,0.00 , 0.00 , 88.80,6.48
2023-05-01 16:07:07,0.00 , 0.00 , 92.80,4.96
2023-05-01 16:07:09,0.00 , 0.00 , 95.20,5.43
2023-05-01 16:07:11,0.00 , 0.00 , 87.60,4.23
2023-05-01 16:07:13,0.00 , 0.00 , 70.80,4.85
2023-05-01 16:07:15,0.00 , 0.00 , 71.20,5.18
